CSV	isMono	Close_To
LF2_X0008_00000-00329-00609-ABANDONNER	Non	Visage
LF2_X0008_00000-00893-01070-ABANDONNER	Non	
LF2_X0008_00001-01340-01564-ABBAYE	Non	
LF2_X0008_00002-01755-01952-ABCES	Oui	Visage
LF2_X0008_00003-02091-02340-ABDOMEN	Oui	Torse
LF2_X0008_00004-02412-02693-ABIMER	Oui	Torse
LF2_X0008_00004-02850-03144-ABIMER	Non	Mains
LF2_X0008_00005-03299-03535-ABONNEMENT	Non	Mains
LF2_X0008_00006-03680-03948-ABOYER	Oui	Visage
LF2_X0008_00007-04147-04343-ABROGER	Non	Mains
LF2_X0008_00008-04450-04750-ABSORBER	Non	Mains
LF2_X0008_00008-04940-05226-ABSORBER	Non	
LF2_X0008_00009-05372-05600-ABSTENIR_(S)	Non	
LF2_X0008_00010-05800-06060-ABSURDE	Oui	Visage
LF2_X0008_00011-06240-06490-ABUS	Non	Autre
LF2_X0008_00011-06940-07120-ABUS	Non	Mains
LF2_X0008_00012-07940-08120-ABUS_DE_CONFIANCE	Oui	Visage
LF2_X0008_00012-08830-09178-ABUS_DE_CONFIANCE	Oui	Visage
LF2_X0008_00013-11170-11427-ACCLAMER	Non	
LF2_X0009_00014-00378-00544-ACCORD_(D)	Non	
LF2_X0009_00015-00780-00999-ACCORD_(NE_PAS_ETRE_D)	Non	Visage
LF2_X0009_00016-01240-01420-ACCOUCHER_ACCOUCHEMENT	Non	Autre
LF2_X0009_00016-01681-01899-ACCOUCHER_ACCOUCHEMENT	Non	Mains
LF2_X0009_00017-02140-02340-ACCROC	Non	Mains
LF2_X0009_00018-02550-02950-ACCROCHER	Non	Torse
LF2_X0009_00018-03170-03475-ACCROCHER	Non	Torse
LF2_X0009_00018-03678-03950-ACCROCHER	Non	
LF2_X0009_00019-04194-04400-ACCUSE_DE_RECEPTION	Oui	Visage
LF2_X0009_00020-04553-04917-ACHARNER_SUR_QUELQUUN_(S)	Oui	Visage
LF2_X0009_00021-05073-05423-ACQUERIR_ACQUISITION	Non	Mains
LF2_X0009_00021-06486-06724-ACQUERIR_ACQUISITION	Non	
LF2_X0009_00021-06963-07259-ACQUERIR_ACQUISITION	Non	Mains
LF2_X0009_00022-09600-09811-ACQUITTEMENT	Non	Mains
LF2_X0009_00022-10079-10424-ACQUITTEMENT	Non	Torse
LF2_X0009_00023-10747-11040-ACTE_DE_VANDALISME	Non	Mains
LF2_X0009_00024-11300-11598-ACTIONS_(EN_BOURSE)	Non	Mains
LF2_X0009_00025-11820-12110-ACUPUNCTEUR	Non	Mains
LF2_X0009_00026-12262-12470-ADAPTER_(S)	Non	Mains
LF2_X0009_00027-12650-12860-ADDITION	Non	Mains
LF2_X0009_00027-13081-13320-ADDITION	Non	Mains
LF2_X0009_00027-13852-14020-ADDITION	Non	Mains
LF2_X0009_00028-14207-14396-ADDITION	Oui	
LF2_X0010_00028-00300-00503-ADDITION	Non	Mains
LF2_X0010_00030-00851-01078-ADJECTIF	Non	Mains
LF2_X0010_00030-01340-01590-ADJECTIF	Non	Mains
LF2_X0010_00031-01756-02020-ADJOINT	Non	Mains
LF2_X0010_00032-02538-02760-ADMINISTRER	Non	
LF2_X0010_00032-03030-03260-ADMINISTRER	Non	
LF2_X0010_00032-03469-03733-ADMINISTRER	Oui	
LF2_X0010_00032-03949-04189-ADMINISTRER	Oui	
LF2_X0010_00033-04673-04884-ADMIRER	Non	Visage
LF2_X0010_00034-05134-05379-ADN	Non	Mains
LF2_X0010_00035-05557-05800-ADRESSE	Non	Torse
LF2_X0010_00036-05920-06140-ADROIT	Oui	
LF2_X0010_00036-06376-06584-ADROIT	Non	
LF2_X0010_00037-07316-07590-ADVERBE	Non	Mains
LF2_X0010_00039-08309-08813-AEROPORT_DE_ROISSY	Non	Mains
LF2_X0010_00040-08948-09200-AFFAIRE_(CE_NEST_PAS_MON)	Non	
LF2_X0010_00041-09288-09560-AFFECTIF_AFFECTION	Oui	Visage
LF2_X0010_00042-09665-09880-AFFICHE_AFFICHER	Non	
LF2_X0010_00042-10046-10280-AFFICHE_AFFICHER	Non	Mains
LF2_X0010_00043-10759-10950-AFFOLER_(S)	Non	Visage
LF2_X0010_00044-11040-11300-AFGHANISTAN	Oui	Visage
LF2_X0010_00045-11420-11640-AGEN	Oui	
LF2_X0010_00046-11851-12249-AGENCE_IMMOBILIERE	Non	Torse
LF2_X0011_00047-00209-00433-AGENDA	Non	Mains
LF2_X0011_00047-00600-00822-AGENDA	Non	Mains
LF2_X0011_00048-01100-01270-AGNEAU	Non	
LF2_X0011_00049-01380-01584-AGRAFEUSE	Non	
LF2_X0011_00050-01715-01944-AGRESSIF	Non	
LF2_X0011_00052-02226-02400-AGRESSION	Non	
LF2_X0011_00053-02560-02872-AGRICULTEUR	Non	
LF2_X0011_00053-03092-03320-AGRICULTURE	Non	
LF2_X0011_00054-03465-03839-AIDE_SOIGNANT(E)	Non	Mains
LF2_X0011_00055-03924-04199-AIGLE	Oui	Visage
LF2_X0011_00056-04390-04580-AIGUILLE	Oui	
LF2_X0011_00057-04740-04960-AIL	Oui	Visage
LF2_X0011_00058-05140-05359-AIMABLE	Oui	Visage
LF2_X0011_00060-05951-06179-AIR	Non	
LF2_X0011_00062-06708-07039-AIX_EN_PROVENCE	Non	Visage
LF2_X0011_00063-07149-07456-ALARME	Oui	
LF2_X0011_00063-08251-08449-ALARME	Non	
LF2_X0011_00064-08890-09166-ALASKA	Non	Visage
LF2_X0011_00065-09433-09723-ALBUM_PHOTO	Non	Visage
LF2_X0011_00065-09952-10350-ALBUM_PHOTO	Non	Visage
LF2_X0011_00066-10558-10760-ALGERIE	Non	
LF2_X0011_00066-10950-11322-ALGER	Non	Mains
LF2_X0012_00067-00380-00560-ALGUES	Non	Mains
LF2_X0012_00068-00700-00940-ALIMENTATION	Non	Visage
LF2_X0012_00069-01040-01240-ALLAITER	Oui	Torse
LF2_X0012_00070-01400-01590-ALLIANCE	Non	Mains
LF2_X0012_00070-01730-01950-ALLIANCE	Non	Mains
LF2_X0012_00070-02180-02420-ALLIANCE	Oui	
LF2_X0012_00071-02710-02940-ALLIGATOR	Non	Mains
LF2_X0012_00072-03150-03360-ALLOCATION	Oui	
LF2_X0012_00073-03580-03800-ALLUMER	Non	Mains
LF2_X0012_00073-03948-04211-ALLUMER	Oui	
LF2_X0012_00073-04383-04640-ALLUMER	Non	
LF2_X0012_00073-04874-05140-ALLUMER	Oui	
LF2_X0012_00073-05350-05649-ALLUMER	Non	Mains
LF2_X0012_00074-06920-07110-ALPES	Oui	Visage
LF2_X0012_00075-07325-07529-ALUMINIUM	Oui	
LF2_X0012_00076-07770-08095-AMALGAME	Non	Mains
LF2_X0012_00077-08360-08562-AMANDE	Oui	Visage
LF2_X0012_00077-08880-09125-AMBASSADE	Non	
LF2_X0012_00078-09596-09860-AMBASSADEUR	Non	
LF2_X0012_00079-10750-10951-AMBIANCE	Non	
LF2_X0012_00079-11160-11410-AMBIANCE	Non	
LF2_X0012_00080-11670-11960-AMBITIEUX_AMBITION	Non	Mains
LF2_X0012_00080-12200-12459-AMBITIEUX_AMBITION	Non	Mains
LF2_X0012_00081-12859-13093-AMENORRHEE	Oui	
LF2_X0012_00081-14080-14309-AMENORRHEE	Non	
LF2_X0012_00081-14497-14885-AMENORRHEE	Non	Mains
LF2_X0012_00081-15070-15410-AMENORRHEE	Non	
LF2_X0012_00082-16025-16360-AMER	Oui	Visage
LF2_X0013_00083-00370-00580-AMI	Non	Mains
LF2_X0013_00083-00700-00960-AMI	Non	Autre
LF2_X0013_00083-01030-01280-AMI	Non	Autre
LF2_X0013_00083-01356-01640-AMI	Non	Autre
LF2_X0013_00083-01720-02000-AMI	Non	Autre
LF2_X0013_00084-02180-02414-AMICALE	Non	
LF2_X0013_00085-03361-03559-AMNESIQUE_AMNESIE	Oui	Visage
LF2_X0013_00086-03860-04099-AMORTISSEUR	Non	
LF2_X0013_00087-04280-04525-AMPOULE_(MEDICAMENT)	Non	Mains
LF2_X0013_00087-04771-05024-AMPOULE_(MEDICAMENT)	Non	Mains
LF2_X0013_00088-05419-05700-AMPOULES	Non	Mains
LF2_X0013_00088-05981-06249-AMPOULES	Oui	
LF2_X0013_00089-06549-06740-AMPUTER_AMPUTATION	Non	
LF2_X0013_00090-10300-10540-AMSTERDAM	Non	Mains
LF2_X0013_00091-10784-10980-ANANAS	Non	Mains
LF2_X0013_00091-11210-11440-ANANAS	Non	Mains
LF2_X0013_00093-11677-12024-ANCHOIS	Non	Mains
LF2_X0013_00094-12413-12620-ANDALOUSIE	Non	Mains
LF2_X0015_00095-00250-00620-ANESTHESISTE	Oui	Visage
LF2_X0015_00095-00744-01179-ANESTHESISTE	Oui	
LF2_X0015_00096-01300-01500-ANGE	Non	Torse
LF2_X0015_00096-01680-01876-ANGE	Non	Mains
LF2_X0015_00097-02400-02590-ANGINE	Oui	Autre
LF2_X0015_00098-02920-03120-ANGLE	Non	Mains
LF2_X0015_00098-03850-04180-ANGLE	Non	Autre
LF2_X0015_00098-04405-04730-ANGLE	Non	Mains
LF2_X0015_00099-05236-05465-ANIMATION	Non	
LF2_X0015_00099-05680-05920-ANIMATION	Non	
LF2_X0015_00100-06326-06540-ANNEE_DERNIERE	Non	Mains
LF2_X0015_00101-06749-06930-ANNEE_PROCHAINE	Non	Mains
LF2_X0016_00102-00420-00635-ANNEMASSE	Oui	Visage
LF2_X0016_00103-00784-00993-ANNULER_ANNULATION	Non	Mains
LF2_X0016_00103-01180-01354-ANNULER_ANNULATION	Oui	
LF2_X0016_00104-01509-01844-ANORAK	Non	Torse
LF2_X0016_00105-01940-02200-ANS_(TOUS_LES)	Non	Mains
LF2_X0016_00106-02338-02540-ANTENNE	Non	Mains
LF2_X0016_00106-02720-02920-ANTENNE	Non	Mains
LF2_X0016_00107-03100-03360-ANTIVIRUS	Non	Mains
LF2_X0016_00108-03505-03760-ANTIVOL	Non	Mains
LF2_X0016_00108-03920-04160-ANTIVOL	Non	Mains
LF2_X0016_00109-04260-04480-ANUS	Oui	Visage
LF2_X0016_00110-04840-05089-ANXIEUX	Non	
LF2_X0016_00111-06980-07230-APHASIQUE_APHASIE	Oui	Visage
LF2_X0016_00112-07403-07630-APHTE	Oui	Visage
LF2_X0016_00113-07760-07960-APPELER	Oui	
LF2_X0016_00113-08103-08290-APPELER	Oui	
LF2_X0016_00113-08480-08679-APPELER	Oui	Visage
LF2_X0016_00114-09060-09260-APPETIT_(BON)	Non	Mains
LF2_X0016_00115-09420-09600-APPLE	Oui	Torse
LF2_X0016_00116-09825-10060-APPLICATION	Non	Mains
LF2_X0016_00117-10165-10360-APPROUVER	Non	Mains
LF2_X0016_00118-10520-10722-ARABE	Non	Visage
LF2_X0016_00119-10963-11301-ARBRE_GENEALOGIQUE	Non	Mains
LF2_X0016_00119-11627-11998-ARBRE_GENEALOGIQUE	Non	Autre
LF2_X0016_00120-12190-12440-ARC_DE_TRIOMPHE	Non	Mains
LF2_X0016_00121-12620-12900-ARC_EN_CIEL	Non	Mains
LF2_X0016_00122-13213-13460-ARCACHON	Non	Mains
LF2_X0016_00123-13627-13880-ARCHIVER	Non	Mains
LF2_X0016_00123-14040-14280-ARCHIVER	Non	Mains
LF2_X0016_00123-14483-14750-ARCHIVER	Non	Mains
LF2_X0016_00123-15000-15267-ARCHIVER	Non	Mains
LF2_X0016_00124-15823-16070-ARDECHE	Oui	Autre
LF2_X0017_00125-00314-00480-ARDENNES	Non	Visage
LF2_X0017_00126-03216-03552-ARDOISE	Non	
LF2_X0017_00126-03775-04103-ARDOISE	Non	
LF2_X0017_00127-04361-04648-ARETE	Oui	Visage
LF2_X0017_00127-04790-05083-ARETE	Non	Mains
LF2_X0017_00128-05359-05550-ARGENT_(MATIERE)	Non	Mains
LF2_X0017_00129-05680-05908-ARGENT_(MONNAIE)	Oui	
LF2_X0017_00130-06087-06276-ARGENTEUIL	Non	Mains
LF2_X0017_00131-06550-06739-ARGOT	Non	Autre
LF2_X0017_00132-06926-07121-ARGUMENT	Non	Mains
LF2_X0017_00132-07252-07474-ARGUMENT	Non	Mains
LF2_X0017_00133-07731-07945-ARMENIE	Non	
LF2_X0017_00134-08150-08320-ARRESTATION	Non	
LF2_X0017_00135-08537-08800-ARRIVER_(NE_PAS_Y_)	Oui	
LF2_X0017_00136-09353-09612-ARRIVER_(TU_VAS_Y)	Non	Visage
LF2_X0018_00135-00351-00593-ARRIVER_(NE_PAS_Y)	Oui	
LF2_X0018_00135-01050-01352-ARRIVER_(NE_PAS_Y)	Non	Visage
LF2_X0018_00135-01495-01832-ARRIVER_(NE_PAS_Y)	Oui	Visage
LF2_X0018_00136-02268-02500-ARRIVER_(TU_VAS_Y)	Non	
LF2_X0018_00137-02756-03064-ARROGANT	Oui	Visage
LF2_X0018_00138-03235-03567-ARRONDISSEMENT	Non	
LF2_X0018_00138-03715-03966-ARRONDISSEMENT	Oui	
LF2_X0018_00138-04416-04665-ARRONDISSEMENT	Oui	
LF2_X0018_00139-04752-05026-ART	Oui	Autre
LF2_X0018_00139-05170-05441-ART	Oui	
LF2_X0018_00140-07272-07574-ARTERE	Non	Autre
LF2_X0018_00141-07727-07954-ARTICHAUT	Oui	Visage
LF2_X0018_00141-08072-08341-ARTICHAUT	Non	Mains
LF2_X0018_00142-08666-08859-ARTICLE	Non	Mains
LF2_X0018_00142-09022-09313-ARTICLE	Non	Mains
LF2_X0018_00142-09564-09790-ARTICLE	Non	Mains
LF2_X0018_00143-11669-11914-ARTICLE	Non	Mains
LF2_X0018_00144-12165-12468-ARTICLE_DE_LOI	Non	Mains
LF2_X0018_00144-12653-12929-ARTICLE_DE_LOI	Non	Mains
LF2_X0018_00145-13176-13537-ARTICLE_DE_PRESSE	Non	Mains
LF2_X0018_00145-13788-14099-ARTICLE_DE_PRESSE	Non	Mains
LF2_X0018_00145-14256-14543-ARTICLE_DE_PRESSE	Non	Mains
LF2_X0018_00146-14780-15011-ARTIFICIEL	Non	Mains
LF2_X0019_00147-00454-00731-ARTISAN	Oui	Torse
LF2_X0019_00148-00837-01091-ASNIERES	Oui	Visage
LF2_X0019_00150-01559-01808-ASPERGE	Oui	Visage
LF2_X0019_00151-01935-02212-ASPHYXIE	Oui	Autre
LF2_X0019_00152-02362-02652-ASSEMBLEE_GENERALE	Non	
LF2_X0019_00152-05357-05680-ASSEMBLEE_GENERALE	Non	
LF2_X0019_00152-05761-06056-ASSEMBLEE_GENERALE	Non	
LF2_X0019_00152-06108-06414-ASSEMBLEE_GENERALE	Non	
LF2_X0019_00153-06432-06654-ASSEMBLEE_GENERALE	Oui	
LF2_X0019_00153-07766-08021-ASSEMBLEE_NATIONALE	Non	Autre
LF2_X0019_00153-07766-08050-ASSEMBLEE_GENERALE	Non	
LF2_X0019_00154-08263-08554-ASSEMBLEE_NATIONALE	Non	
LF2_X0019_00155-08670-08882-ASSEZ	Non	Mains
LF2_X0019_00155-08990-09173-ASSEZ	Oui	Visage
LF2_X0019_00155-09343-09588-ASSEZ	Oui	Visage
LF2_X0019_00156-10159-10358-ASSEZ_(JEN_AI)	Oui	
LF2_X0019_00157-10855-11081-ASSEZ_(PAS)	Non	Mains
LF2_X0019_00157-11400-11639-ASSEZ_(PAS)	Oui	Visage
LF2_X0019_00158-11912-12248-ASSIDU	Non	Torse
LF2_X0019_00159-12328-12575-ASSIMILER	Non	Torse
LF2_X0019_00159-12696-12907-ASSIMILER	Non	Torse
LF2_X0019_00159-13047-13271-ASSIMILER	Non	Torse
LF2_X0019_00160-13383-13634-ASSISTANCE	Non	Autre
LF2_X0019_00161-13717-14093-ASSISTANT_SOCIAL	Non	Mains
LF2_X0019_00162-14217-14542-ASSISTANTE_MATERNELLE	Non	Mains
LF2_X0019_00163-14622-14907-ASSISTER_A	Non	Visage
LF2_X0021_00177-00311-00524-ATTENTAT	Non	Mains
LF2_X0021_00177-00603-00817-ATTENTAT	Non	Mains
LF2_X0021_00177-00901-01170-ATTENTAT	Non	Mains
LF2_X0021_00179-01484-01778-ATTENTION_(FAIRE)_ATTENTIF	Non	Visage
LF2_X0021_00180-01882-02183-ATTERRIR_ATTERRISSAGE	Non	Mains
LF2_X0021_00181-02244-02522-ATTIRER	Non	
LF2_X0021_00182-02544-02809-ATTITUDE	Oui	Visage
LF2_X0021_00184-03377-03669-AU_FUR_ET_A_MESURE	Non	Mains
LF2_X0021_00185-03780-04060-AUBERGINE	Non	Mains
LF2_X0021_00186-04105-04321-AUBERVILLIERS	Non	
LF2_X0021_00188-04845-05043-AUDITION	Non	Torse
LF2_X0021_00188-05707-05978-AUDITION	Oui	Visage
LF2_X0021_00188-06042-06394-AUDITION	Non	Mains
LF2_X0021_00188-08797-09041-AUDITION	Non	Visage
LF2_X0021_00189-09327-09689-AUSCULTER_(UN_STETHOSCOPE)	Non	Visage
LF2_X0021_00190-09794-09980-AUSSI	Non	Mains
LF2_X0021_00190-10138-10372-AUSSI	Oui	
LF2_X0021_00191-10470-10742-AUSTERLITZ	Oui	Visage
LF2_X0021_00192-10824-11073-AUSTRALIE	Non	
LF2_X0021_00192-11259-11481-AUSTRALIE	Oui	Visage
LF2_X0022_00195-00329-00537-AUTISTIQUE_AUTISME	Non	
LF2_X0022_00195-00626-00857-AUTISTIQUE_AUTISME	Non	
LF2_X0022_00196-00948-01194-AUTOCOLLANT	Non	Mains
LF2_X0022_00197-02153-02412-AUTOPSIE	Non	
LF2_X0022_00198-02545-02757-AUTORITAIRE_AUTORITE	Non	
LF2_X0022_00198-02913-03138-AUTORITAIRE_AUTORITE	Non	Autre
LF2_X0022_00198-03263-03489-AUTORITAIRE_AUTORITE	Non	Mains
LF2_X0022_00199-03744-04013-AUTOROUTE	Non	
LF2_X0022_00200-04696-04897-AUVERGNE	Non	
LF2_X0022_00201-04988-05199-AVALER	Oui	Torse
LF2_X0022_00202-05348-05586-AVANCER	Non	Mains
LF2_X0022_00203-05710-05918-AVANT_(PASSE)	Oui	
LF2_X0022_00204-06044-06340-AVANT_BRAS	Non	Autre
LF2_X0022_00205-06394-06678-AVENIR	Oui	
LF2_X0022_00206-06792-07003-AVOCAT	Oui	Torse
LF2_X0022_00206-07139-07372-AVOCAT	Non	Mains
LF2_X0022_00209-07726-07950-AVOIR	Oui	Torse
LF2_X0022_00210-08030-08259-AVORTEMENT_AVORTER	Non	Mains
LF2_X0022_00211-08363-08595-BADMINGTON	Oui	
LF2_X0022_00212-08669-08913-BAGAGES	Oui	
LF2_X0022_00213-09201-09404-BAGNOLET	Oui	Visage
LF2_X0022_00213-09545-09796-BAGNOLET	Non	
LF2_X0022_00215-09894-10101-BAGUE	Non	Mains
LF2_X0022_00216-10268-10581-BAIL	Non	Mains
LF2_X0022_00217-10698-10956-BAiLLER	Oui	Visage
LF2_X0023_00217-00367-00673-BAiLLER	Non	Mains
LF2_X0023_00218-00713-01007-BALAI_BALAYER	Non	
LF2_X0023_00219-01226-01430-BALANCE_(ASTROLOGIE)	Non	
LF2_X0023_00220-01531-01878-BALANCE_PESER	Non	Mains
LF2_X0023_00221-01897-02207-BALANCOIRE_FAIRE_DE_LA_BALANCOIRE	Non	
LF2_X0023_00221-02339-02659-BALANCOIRE_FAIRE_DE_LA_BALANCOIRE	Non	
LF2_X0023_00222-02828-03070-BALAYETTE	Non	
LF2_X0023_00223-03213-03494-BALLE	Non	Mains
LF2_X0023_00224-03737-04032-BALME_LES_GROTTES	Non	
LF2_X0023_00225-04134-04411-BAMBOU	Non	Mains
LF2_X0023_00226-04552-04822-BANDAGE_(METTRE)	Non	
LF2_X0023_00227-05014-05234-BANDE	Non	Mains
LF2_X0023_00227-05384-05679-BANDE	Non	Mains
LF2_X0023_00228-06093-06396-BANDEROLE	Non	Mains
LF2_X0023_00229-07473-07708-BANQUET	Non	Mains
LF2_X0023_00230-07942-08164-BARBARIE	Non	Mains
LF2_X0023_00231-08312-08599-BAROMETRE	Non	
LF2_X0023_00231-08816-09076-BAROMETRE	Non	Mains
LF2_X0023_00232-11964-12197-BARRAGE_(EAU)	Non	Mains
LF2_X0023_00232-12389-12659-BARRAGE_(EAU)	Non	Mains
LF2_X0024_00233-00381-00571-BAS_(EN)	Oui	
LF2_X0024_00234-00721-00900-BASKET_BALL	Non	Mains
LF2_X0024_00234-01029-01224-BASKET_BALL	Non	Visage
LF2_X0024_00235-01330-01541-BASTILLE	Non	Mains
LF2_X0024_00236-02274-02485-BATTERIE	Non	Mains
LF2_X0024_00236-02595-02848-BATTERIE	Non	Mains
LF2_X0024_00236-03305-03524-BATTERIE	Non	
LF2_X0024_00237-03689-03899-BATTU_(JEU)	Non	Mains
LF2_X0024_00238-04015-04257-BAVE_BAVER	Oui	Visage
LF2_X0024_00238-04365-04602-BAVE_BAVER	Oui	Visage
LF2_X0024_00239-04726-05003-BAYONNE	Non	Mains
LF2_X0024_00240-05174-05458-BAZAR	Non	
LF2_X0024_00241-05539-05804-BEAU_FILS	Oui	Autre
LF2_X0024_00242-05916-06151-BEAU_FRERE	Oui	Visage
LF2_X0024_00243-06240-06454-BEAU_PERE	Oui	Mains
LF2_X0024_00244-06797-07024-BEAUBOURG	Non	Mains
LF2_X0025_00245-00121-00345-BEAUNE	Non	Mains
LF2_X0025_00246-00407-00624-BEAUTE	Oui	Visage
LF2_X0025_00247-00675-00867-BEIGE	Oui	Visage
LF2_X0025_00248-00903-01118-BELLE_FILLE	Oui	Visage
LF2_X0025_00249-01127-01320-BELLE_MERE	Oui	Visage
LF2_X0025_00249-01461-01652-BELLE_MERE	Oui	Visage
LF2_X0025_00250-01674-01895-BELLE_SOEUR	Non	Autre
LF2_X0025_00251-01961-02148-BENEFICE	Oui	Torse
LF2_X0025_00252-02202-02452-BEQUILLES	Non	
LF2_X0025_00253-02477-02729-BERCY	Oui	
LF2_X0025_00256-03044-03323-BERGER	Oui	
LF2_X0025_00257-03377-03704-BERGERIE	Non	Torse
LF2_X0026_00258-00305-00526-BERLIN	Oui	Visage
LF2_X0026_00259-00686-00876-BIARRITZ	Oui	
LF2_X0026_00260-00980-01252-BIBLE	Non	Mains
LF2_X0026_00262-01394-01600-BIENVEILLANT	Non	Torse
LF2_X0026_00262-01738-02029-BIENVEILLANT	Non	Autre
LF2_X0026_00263-02069-02358-BIKINI	Non	Torse
LF2_X0026_00264-02582-02774-BILINGUE_BILINGUISME	Non	Mains
LF2_X0026_00265-02902-03146-BILLARD	Non	
LF2_X0026_00266-03222-03436-BILLET	Non	Mains
LF2_X0026_00267-03487-03728-BIO	Oui	
LF2_X0026_00268-03815-04075-BIOGRAPHIE	Non	Mains
LF2_X0026_00269-04169-04418-BIOLOGIE	Non	Mains
LF2_X0026_00270-04668-04855-BIRMANIE	Non	Mains
LF2_X0026_00271-04944-05137-BISCUIT	Oui	Visage
LF2_X0026_00272-05238-05455-BISON	Non	Visage
LF2_X0026_00273-06048-06309-BLAIREAU	Non	Mains
LF2_X0026_00274-06543-06789-BLEMIR	Oui	Visage
LF2_X0026_00275-06886-07154-BLOG	Non	Mains
LF2_X0026_00276-07226-07469-BLOQUE_(ETRE)	Oui	Autre
LF2_X0026_00277-07565-07772-BLOQUER	Oui	Autre
LF2_X0026_00277-07866-08140-BLOQUER	Non	Mains
LF2_X0026_00278-08825-09105-BLOUSE	Non	
LF2_X0026_00279-09234-09529-BLOUSON	Non	
LF2_X0026_00280-09705-09934-BOEUF	Non	Visage
LF2_X0026_00281-10008-10213-BOISSON	Oui	Visage
LF2_X0026_00282-10421-10625-BOITE	Non	Mains
LF2_X0026_00283-10752-10992-BOITE_A_OUTILS	Non	Mains
LF2_X0026_00284-11113-11373-BOITE_DE_NUIT	Non	
LF2_X0026_00285-11453-11658-BOL	Non	Mains
LF2_X0026_00286-11763-11930-BON_(NOURRITURE)	Oui	Torse
LF2_X0026_00286-12082-12299-BON_(NOURRITURE)	Oui	Visage
LF2_X0026_00286-13096-13318-BON_(NOURRITURE)	Oui	Torse
LF2_X0027_00287-00191-00403-BON_COEUR_(AVOIR)_	Oui	Autre
LF2_X0027_00288-00477-00654-BONNET	Non	Visage
LF2_X0027_00289-00792-01022-BORGNE	Oui	Visage
LF2_X0028_00290-00163-00401-BOSNIE_HERZEGOVINE	Non	
LF2_X0028_00291-00442-00670-BOSSU	Oui	Torse
LF2_X0028_00292-00738-00957-BOUC_(PORTER_LE)__	Oui	Visage
LF2_X0028_00293-01008-01223-BOUCHER	Oui	Visage
LF2_X0028_00293-01330-01524-BOUCHER	Non	Mains
LF2_X0028_00294-01641-01925-BOUCHON_(EMBOUTEILLAGES)	Non	Mains
LF2_X0028_00294-02208-02419-BOUCHON_(EMBOUTEILLAGES)	Non	Mains
LF2_X0028_00295-02628-02835-BOUCLES_D_OREILLES	Oui	Visage
LF2_X0028_00296-02908-03173-BOUDDHISME	Non	Mains
LF2_X0028_00297-03262-03515-BOUE	Non	
LF2_X0028_00298-03550-03820-BOUGIE	Non	Mains
LF2_X0028_00301-05211-05578-BOULE_A_THE	Non	Visage
LF2_X0028_00302-05663-05922-BOULEVARD	Non	
LF2_X0029_00303-00140-00414-BOULOGNE_SUR_MER	Non	Autre
LF2_X0029_00304-00529-00800-BOURG_LA_REINE	Oui	Torse
LF2_X0029_00305-00838-01057-BOURRELETS_(AVOIR)	Non	Torse
LF2_X0029_00306-01131-01320-BOURSE	Non	
LF2_X0029_00306-01440-01672-BOURSE	Non	
LF2_X0029_00306-01794-02009-BOURSE	Non	Mains
LF2_X0029_00307-02130-02443-BOURSE_D_ETUDES	Non	Mains
LF2_X0029_00308-05070-05272-BOUSSOLE	Non	Mains
LF2_X0029_00308-05425-05719-BOUSSOLE	Non	Mains
LF2_X0029_00309-05941-06149-BOUTON_DE_FIEVRE	Oui	Visage
LF2_X0029_00310-06250-06515-BOUTONNER_(SE)	Non	Torse
LF2_X0029_00310-06675-06935-BOUTONNER_(SE)	Non	Torse
LF2_X0029_00311-07087-07288-BOWLING	Non	
LF2_X0029_00311-07563-07798-BOWLING	Oui	
LF2_X0029_00312-07877-08111-BOXE	Non	Visage
LF2_X0029_00313-08173-08384-BRACELET	Non	Mains
LF2_X0029_00314-08509-08792-BRANCARD	Non	Mains
LF2_X0029_00315-08869-09080-BRANCHER_UNE_PRISE	Non	Mains
LF2_X0029_00316-09156-09367-BRAS	Non	Autre
LF2_X0029_00317-09412-09591-BREF	Non	Mains
LF2_X0029_00318-09663-09842-BREST	Oui	Visage
LF2_X0029_00319-09919-10121-BRETELLES	Non	Torse
LF2_X0029_00320-10200-10388-BRETON	Non	Visage
LF2_X0029_00320-11028-11234-BRETON	Non	Mains
LF2_X0029_00321-10453-10676-BRILLER_(SOLEIL)	Non	
LF2_X0029_00322-11448-11677-BRIQUE	Non	Autre
LF2_X0029_00323-11762-11950-BRIQUET	Oui	
LF2_X0029_00324-12069-12293-BRIVES-LA-GAILLARDE	Non	Mains
LF2_X0030_00320-00331-00505-BRETON	Oui	Mains
LF2_X0030_00325-00931-01173-BROCANTE	Non	
LF2_X0030_00325-01405-01659-BROCANTE	Non	Visage
LF2_X0030_00326-01765-02030-BROCHETTE	Non	Mains
LF2_X0030_00327-02485-02894-BRODERIE_BRODER	Non	
LF2_X0030_00327-03562-03778-BRODERIE_BRODER	Oui	
LF2_X0030_00328-04174-04387-BRONCHITE	Non	Torse
LF2_X0030_00329-04470-04677-BROSSE	Oui	Visage
LF2_X0030_00329-04805-05006-BROSSE	Oui	
LF2_X0030_00329-05246-05443-BROSSE	Non	Autre
LF2_X0030_00330-05866-06173-BROSSE_A_CHEVEUX_BROSSER_(SE)_LES_CHEVEUX	Non	Visage
LF2_X0030_00331-06340-06563-BROSSER_(SE)_LES_DENTS	Oui	Visage
LF2_X0030_00332-06632-06816-BROUILLON	Oui	Visage
LF2_X0030_00333-06882-07041-BRULE_(ETRE)	Non	Mains
LF2_X0030_00334-07832-08059-BRULURES_DESTOMAC	Non	Autre
LF2_X0030_00335-08166-08342-BRUN(E)	Oui	Visage
LF2_X0030_00336-08425-08619-BRUXELLES	Non	Mains
LF2_X0030_00337-08697-08841-BUG	Non	
LF2_X0030_00338-09410-09751-BULLDOZER	Non	
LF2_X0030_00339-09804-09980-BUT	Non	Autre
LF2_X0030_00339-10079-10261-BUT	Non	Mains
LF2_X0030_00340-10399-10650-BUVARD	Non	Mains
LF2_X0030_00341-10709-10896-CA_ARRIVE_!	Non	
LF2_X0030_00342-10976-11182-CA_DEPEND	Non	
LF2_X0030_00343-11319-11575-CABANE	Non	Mains
LF2_X0031_00344-00258-00588-CABINE_DESSAYAGE	Non	Autre
LF2_X0031_00344-00797-01125-CABINE_DESSAYAGE	Non	Autre
LF2_X0031_00345-01239-01465-CABLE	Non	Mains
LF2_X0031_00346-01774-01935-CACHET	Non	Mains
LF2_X0031_00346-02142-02324-CACHET	Oui	Visage
LF2_X0031_00347-02499-02716-CADDIE	Non	
LF2_X0031_00348-02800-03001-CADENAS	Non	Mains
LF2_X0031_00349-03096-03295-CADRE	Non	
LF2_X0031_00349-03393-03584-CADRE	Non	Torse
LF2_X0031_00349-03718-03889-CADRE	Non	Mains
LF2_X0031_00350-04695-04907-CAFARD	Non	
LF2_X0031_00350-05781-06026-CAFARD	Non	Visage
LF2_X0031_00351-04989-05232-CAFE	Non	Mains
LF2_X0031_00352-06361-06552-CAFE_EXPRESSO	Non	Visage
LF2_X0031_00353-06698-06994-CAFETIERE	Non	Mains
LF2_X0031_00354-07665-07837-CAHORS	Non	Mains
LF2_X0031_00355-07935-08134-CAILLOU	Non	Mains
LF2_X0031_00356-08247-08421-CAISSE	Non	
LF2_X0031_00356-08514-08694-CAISSE	Non	
LF2_X0031_00356-09075-09265-CAISSE	Non	
LF2_X0031_00356-09431-09614-CAISSE	Non	Mains
LF2_X0031_00357-10055-10284-CALAMAR	Oui	
LF2_X0031_00358-10486-10724-CALCUL_(SCOLAIRE)	Non	Mains
LF2_X0031_00358-10858-11083-CALCUL_(SCOLAIRE)	Non	
LF2_X0031_00359-11338-11616-CALCULS	Non	Autre
LF2_X0032_00360-00300-00487-CALECON	Non	Autre
LF2_X0032_00361-00593-00777-CALMANT	Non	Mains
LF2_X0032_00361-00947-01206-CALMANT	Non	Mains
LF2_X0032_00362-01297-01503-CAMBRIOLAGE	Non	
LF2_X0032_00363-01661-01872-CAMBRIOLAGE	Oui	
LF2_X0032_00364-02087-02297-CAMEROUN	Oui	
LF2_X0032_00365-02433-02729-CAMION	Non	Mains
LF2_X0032_00366-03174-03450-CAMISOLE_DE_FORCE	Non	Torse
LF2_X0032_00367-03720-03968-CAMP_DE_CONCENTRATION	Non	Mains
LF2_X0032_00367-04362-04685-CAMP_DE_CONCENTRATION	Non	Mains
LF2_X0032_00368-04874-05048-CAMPAGNE	Non	Autre
LF2_X0032_00368-05171-05404-CAMPAGNE	Non	
LF2_X0032_00369-05730-05964-CAMPING	Non	Mains
LF2_X0032_00370-06051-06258-CANADA	Non	
LF2_X0032_00370-06349-06565-CANADA	Oui	Torse
LF2_X0032_00371-06843-07073-CANAL	Non	
LF2_X0032_00372-07358-07568-CANARD	Oui	Visage
LF2_X0032_00373-07707-07943-CANARI	Oui	Visage
LF2_X0032_00374-08032-08230-CANDIDAT	Oui	
LF2_X0032_00375-08300-08515-CANETTE	Non	Mains
LF2_X0032_00376-09440-09695-CANNE_A_SUCRE	Non	Mains
LF2_X0032_00376-09830-10040-CANNE_A_SUCRE	Oui	Visage
LF2_X0032_00377-10254-10570-CANOE	Non	
LF2_X0032_00378-10628-10867-CANON_TIRER_AU_CANON	Non	
LF2_X0032_00379-10949-11275-CANTINE	Non	
LF2_X0032_00380-11325-11527-CAPITAINE	Non	Mains
LF2_X0032_00380-11700-11883-CAPITAINE	Oui	Autre
LF2_X0032_00380-12016-12218-CAPITAINE	Oui	Visage
LF2_X0034_00401-00190-00390-CARTE_DINVALIDITE	Non	
LF2_X0034_00401-00450-00665-CARTE_DINVALIDITE	Non	Mains
LF2_X0034_00402-00805-01039-CARTE_DE_FIDELITE	Non	Mains
LF2_X0034_00403-01150-01371-CARTE_NAVIGO	Non	Mains
LF2_X0034_00404-01473-01705-CARTE_POSTALE	Non	Mains
LF2_X0034_00404-01912-02148-CARTE_POSTALE	Non	Mains
LF2_X0034_00405-02281-02461-CARTOUCHE	Non	Mains
LF2_X0034_00406-02566-02820-CARTOUCHE_DENCRE	Oui	
LF2_X0034_00406-02946-03233-CARTOUCHE_DENCRE	Non	Mains
LF2_X0034_00407-03405-03651-CASCADE	Non	Mains
LF2_X0034_00408-03776-04175-CASIER_A_BOUTEILLES	Non	Mains
LF2_X0034_00408-04385-04788-CASIER_A_BOUTEILLES	Non	Mains
LF2_X0034_00408-04938-05370-CASIER_A_BOUTEILLES	Non	Mains
LF2_X0034_00409-05925-06191-CASIER_JUDICIAIRE	Non	Mains
LF2_X0034_00410-06298-06510-CASINO	Oui	
LF2_X0034_00411-06587-06787-CASQUE	Non	Visage
LF2_X0034_00411-06903-07106-CASQUE	Non	Visage
LF2_X0034_00412-07219-07443-CASQUETTE	Non	Visage
LF2_X0034_00412-07554-07771-CASQUETTE	Oui	Visage
LF2_X0034_00412-08062-08288-CASQUETTE	Non	Visage
LF2_X0034_00413-08371-08615-CASSEROLE	Oui	
LF2_X0034_00414-08779-08938-CASSOULET	Non	Mains
LF2_X0034_00415-09106-09278-CATHOLIQUE	Oui	Visage
LF2_X0034_00416-09390-09606-CAVE	Non	Visage
LF2_X0034_00416-09829-10005-CAVE	Non	Mains
LF2_X0034_00417-10116-10370-CD_ROM	Non	Visage
LF2_X0034_00417-10584-10781-CD_ROM	Non	Mains
LF2_X0034_00418-11122-11350-CELEBRE	Oui	Visage
LF2_X0034_00420-11663-11927-CELEBRE	Oui	Visage
LF2_X0035_00421-00173-00377-CELLULE	Non	Mains
LF2_X0035_00421-00497-00746-CELLULE	Non	Mains
LF2_X0035_00422-00847-01097-CELLULES	Non	Mains
LF2_X0035_00423-01207-01419-CELLULITE	Oui	Autre
LF2_X0035_00424-01515-01737-CENDRIER	Non	Mains
LF2_X0035_00425-01821-02021-CENTIEME	Non	Mains
LF2_X0035_00425-02149-02385-CENTIEME	Oui	
LF2_X0035_00425-02526-02801-CENTIEME	Oui	
LF2_X0035_00426-03216-03487-CENTIGRAMME	Non	
LF2_X0035_00427-03791-04034-CENTILITRE	Non	
LF2_X0035_00428-04099-04340-CENTIME	Oui	Visage
LF2_X0035_00428-04462-04668-CENTIME	Oui	Visage
LF2_X0035_00429-04748-05018-CENTRE_GEORGES_POMPIDOU	Non	Mains
LF2_X0035_00430-05119-05360-CENTRE_MEDICAL	Non	Autre
LF2_X0035_00431-05454-05697-CENTRE_RELAIS	Non	Mains
LF2_X0035_00432-05757-06052-CERCLE	Non	Mains
LF2_X0035_00432-06187-06409-CERCLE	Non	Mains
LF2_X0035_00432-06554-06822-CERCLE	Non	Mains
LF2_X0035_00433-08066-08309-CEREALES	Non	
LF2_X0035_00433-08467-08695-CEREALES	Non	Mains
LF2_X0035_00434-09015-09229-CERF	Non	Visage
LF2_X0035_00435-09313-09578-CERISE	Oui	Visage
LF2_X0035_00436-09614-09847-CERNES	Non	Visage
LF2_X0035_00436-09974-10192-CERNES	Non	Visage
LF2_X0035_00437-10319-10546-CERTIFICATION	Non	Mains
LF2_X0035_00438-10619-10879-CERVEAU	Non	Autre
LF2_X0035_00440-11137-11355-CESARIENNE	Oui	Autre
LF2_X0035_00441-11535-11740-CHACUN	Oui	Torse
LF2_X0035_00441-11885-12173-CHACUN	Oui	
LF2_X0036_00434-00266-00501-CERF	Non	Visage
LF2_X0036_00442-00803-01126-CHACUN_SON_TOUR	Non	Mains
LF2_X0036_00442-01372-01632-CHACUN_SON_TOUR	Oui	
LF2_X0036_00443-01800-02057-CHAIR_DE_POULE	Non	Mains
LF2_X0036_00444-02148-02356-CHALEUREUX	Oui	Visage
LF2_X0036_00445-02635-02839-CHALON_SUR_SAONE	Oui	Visage
LF2_X0036_00446-02947-03224-CHALUMEAU	Non	
LF2_X0036_00447-03322-03563-CHAMONIX	Oui	Visage
LF2_X0036_00448-03967-04193-CHAMPERRET	Non	Mains
LF2_X0036_00449-04312-04534-CHAMPS_ELYSEES	Oui	Visage
LF2_X0036_00450-04624-04876-CHANGER_(DE_LARGENT)	Non	Mains
LF2_X0036_00451-04965-05291-CHANGER_(UN_BEBE_UNE_COUCHE)	Non	Mains
LF2_X0036_00452-05482-05701-CHANTAGE	Non	
LF2_X0036_00452-05853-06075-CHANTAGE	Non	Mains
LF2_X0036_00453-06217-06510-CHANTIER	Non	Mains
LF2_X0036_00454-07825-08043-CHANTILLY	Non	
LF2_X0036_00454-08187-08386-CHANTILLY	Non	
LF2_X0036_00455-08526-08733-CHAPELLE	Non	Visage
LF2_X0036_00456-09276-09506-CHAPITEAU	Non	Mains
LF2_X0036_00457-10040-10243-CHAPTAL_(BIBLIOTHEQUE)	Non	Mains
LF2_X0036_00458-11120-11344-CHARENTON	Non	Autre
LF2_X0036_00459-11629-11901-CHARGEUR_DE_PORTABLE	Non	Visage
LF2_X0036_00460-12063-12282-CHARPENTE	Non	Mains
LF2_X0036_00461-12409-12618-CHARTRES	Oui	
LF2_X0036_00462-12740-12974-CHASSER_CHASSE	Non	Torse
LF2_X0037_00463-00131-00359-CHATAIGNE	Oui	Visage
LF2_X0037_00464-00447-00728-CHATEAU_DE_VERSAILLES	Non	Visage
LF2_X0037_00465-00862-01050-CHATILLON	Oui	
LF2_X0037_00466-01211-01381-CHATOUILLER	Non	
LF2_X0037_00466-01505-01691-CHATOUILLER	Non	Autre
LF2_X0037_00467-01873-02057-CHAUD	Oui	Visage
LF2_X0037_00467-02288-02497-CHAUD	Oui	
LF2_X0037_00468-02596-02826-CHAUSSONS	Non	Mains
LF2_X0037_00469-03023-03239-CHAVIRER	Non	Mains
LF2_X0037_00470-04682-04883-CHEMIN	Non	
LF2_X0037_00471-04999-05171-CHER	Non	Mains
LF2_X0037_00471-06097-06297-CHER	Oui	Visage
LF2_X0037_00472-05518-05665-CHER	Oui	
LF2_X0037_00472-06926-07157-CHEVALIER	Oui	Torse
LF2_X0037_00473-07442-07746-CHEVILLE	Non	Mains
LF2_X0037_00473-08065-08299-CHEVILLE	Non	Mains
LF2_X0037_00474-08404-08619-CHEWING_GUM	Oui	Visage
LF2_X0037_00475-08748-08939-CHIANT_(C_EST)	Non	Mains
LF2_X0037_00476-09043-09216-CHIC	Oui	Visage
LF2_X0037_00477-09340-09525-CHICAGO	Oui	
LF2_X0037_00477-10352-10554-CHICAGO	Oui	
LF2_X0037_00478-09632-09834-CHIFFON	Oui	
LF2_X0037_00479-10798-11008-CHIFFRES	Non	
LF2_X0037_00480-11593-11769-CHILI	Oui	Torse
LF2_X0037_00480-11891-12073-CHILI	Oui	Visage
LF2_X0038_00482-00231-00390-CHIMIOTHERAPIE	Oui	Torse
LF2_X0038_00483-00520-00666-CHIPS	Non	Mains
LF2_X0038_00483-00780-00953-CHIPS	Non	Mains
LF2_X0038_00485-01520-01684-CHOLET	Oui	Visage
LF2_X0038_00485-01787-01972-CHOLET	Oui	Visage
LF2_X0038_00486-02134-02284-CHORIZO	Oui	Visage
LF2_X0038_00486-02452-02678-CHORIZO	Non	Mains
LF2_X0038_00486-02776-03016-CHOU	Non	Mains
LF2_X0038_00488-03158-03358-CHOU	Oui	Visage
LF2_X0038_00488-03486-03703-CHOU_FLEUR	Non	Visage
LF2_X0038_00489-04004-04247-CHRETIEN	Oui	Visage
LF2_X0038_00490-04348-04564-CHROMOSOME	Non	Mains
LF2_X0038_00491-04667-04875-CHRONOMETRE_CHRONOMETRER	Non	Mains
LF2_X0038_00492-05023-05213-CHYPRE	Non	Mains
LF2_X0038_00493-05302-05516-CIBLE	Non	Visage
LF2_X0038_00494-05874-06119-CIBLE	Non	Mains
LF2_X0038_00495-06280-06455-CICATRICE	Oui	Visage
LF2_X0038_00496-06691-06865-CIGARE	Oui	Visage
LF2_X0038_00497-06996-07193-CIGARETTE	Oui	Visage
LF2_X0038_00499-07589-07787-CIGOGNE	Oui	Visage
LF2_X0038_00499-08110-08338-CIGOGNE	Non	Visage
LF2_X0038_00500-08504-08664-CILS	Oui	Visage
LF2_X0038_00500-08819-09029-CILS	Non	Visage
LF2_X0038_00501-09275-09469-CIMENT	Non	Mains
LF2_X0038_00502-09609-09802-CINTRE	Oui	
LF2_X0038_00503-10291-10472-CIRCONCIS_CIRCONCISION	Non	Torse
LF2_X0038_00503-11120-11333-CIRCONCIS_CIRCONCISION	Non	Mains
LF2_X0038_00504-11546-11751-CIRQUE	Oui	Visage
LF2_X0038_00505-11828-12021-CISEAUX_(COUPER)	Oui	
LF2_X0038_00506-12136-12332-CITE	Non	Mains
LF2_X0038_00506-12594-12838-CITE	Non	
LF2_X0039_00507-00288-00475-CITE_DES_SCIENCES_ET_DE_LINDUSTRIE	Non	Mains
LF2_X0039_00508-00564-00773-CLAIR	Non	Mains
LF2_X0039_00509-00830-00996-CLASSE	Non	Mains
LF2_X0039_00509-01124-01309-CLASSE	Oui	Visage
LF2_X0039_00510-01386-01567-CLASSEUR	Non	Mains
LF2_X0039_00511-01689-01912-CLASSIQUE	Non	
LF2_X0039_00512-01976-02151-CLAVIER	Non	
LF2_X0039_00513-02285-02468-CLEMENTINE	Non	Mains
LF2_X0039_00513-03074-03266-CLEMENTINE	Non	Mains
LF2_X0039_00514-03495-03704-CLICHY	Oui	
LF2_X0039_00515-03796-04004-CLICHY_LA_GARENNE	Oui	
LF2_X0039_00516-04588-04884-CLIGNANCOURT	Non	
LF2_X0040_00516-00381-00565-CLIGNANCOURT	Non	Mains
LF2_X0040_00517-00652-00882-CLIGNOTANT	Non	
LF2_X0040_00517-01732-01918-CLIGNOTANT	Non	
LF2_X0040_00518-00958-01147-CLIN_D_OEIL	Oui	Visage
LF2_X0040_00519-02300-02498-CLINIQUE	Oui	Visage
LF2_X0040_00519-02778-02963-CLINIQUE	Non	Visage
LF2_X0040_00521-03294-03483-CLIP	Non	Mains
LF2_X0040_00521-03647-03829-CLIP	Non	Mains
LF2_X0040_00522-04307-04590-CLITORIS	Non	Mains
LF2_X0040_00522-05483-05693-CLITORIS	Oui	
LF2_X0040_00523-04689-04917-CLOCHARD	Oui	
LF2_X0040_00524-06115-06375-CLOTURE	Non	Mains
LF2_X0041_00524-00461-00665-CLOTURE	Non	Mains
LF2_X0041_00525-00812-01001-CLOU	Non	Mains
LF2_X0041_00526-01112-01284-CLUB	Non	Torse
LF2_X0041_00526-01411-01595-CLUB	Non	
LF2_X0041_00527-01731-01916-COCA_COLA	Oui	
LF2_X0041_00527-02052-02238-COCA_COLA	Non	Autre
LF2_X0041_00528-02343-02576-COCAINE	Non	Mains
LF2_X0041_00529-02657-02904-COCKTAIL	Non	Mains
LF2_X0041_00530-03202-03417-CODE_DENTREE	Non	Mains
LF2_X0041_00531-03512-03787-COFFRE_A__JOUETS	Non	
LF2_X0041_00532-03878-04053-COGNER_(SE)	Oui	Visage
LF2_X0041_00533-04175-04369-COINCIDENCE	Oui	Visage
LF2_X0041_00534-04474-04653-COL	Oui	Visage
LF2_X0041_00534-04800-05026-COL	Non	Mains
LF2_X0041_00535-05260-05447-COL_(CHEMISE)	Non	Torse
LF2_X0041_00536-05578-05782-COLLANT	Non	Autre
LF2_X0041_00537-05927-06103-COLLE	Non	Mains
LF2_X0041_00537-06229-06390-COLLE	Non	Mains
LF2_X0041_00538-06682-06903-COLLECTE	Non	
LF2_X0041_00539-07044-07270-COLLECTIF	Non	Mains
LF2_X0041_00539-07386-07569-COLLECTIF	Non	Mains
LF2_X0041_00540-07614-07906-COLLEGUE	Non	Autre
LF2_X0041_00541-08095-08344-COLLER	Non	Mains
LF2_X0041_00542-08414-08622-COLLIER	Non	Torse
LF2_X0041_00543-08707-08938-COLLINE	Non	
LF2_X0041_00544-09009-09206-COLLISION	Non	Mains
LF2_X0041_00545-09319-09530-COLMAR	Oui	
LF2_X0041_00546-09603-09788-COLOMBES	Oui	Torse
LF2_X0041_00547-10118-10304-COLON	Non	Mains
LF2_X0041_00548-10378-10680-COLONIE	Non	
LF2_X0041_00549-10793-11001-COLONIE_DE_VACANCES	Non	
LF2_X0041_00551-11738-11931-COMA	Oui	Visage
LF2_X0041_00552-12001-12195-CONDAMNATION	Non	Mains
LF2_X0042_00553-00384-00597-COMMERCE	Non	Mains
LF2_X0042_00554-00727-00944-COMMISSARIAT_DE_POLICE	Non	Torse
LF2_X0042_00555-00997-01212-COMMUNAUTE	Non	Mains
LF2_X0042_00556-01288-01497-COMMUNISTE_COMMUNISME	Oui	
LF2_X0042_00557-01628-01803-COMPATIBLE	Non	Mains
LF2_X0042_00558-01888-02070-COMPETENT_(ETRE)	Non	
LF2_X0042_00559-02160-02391-COMPIEGNE	Non	Autre
LF2_X0042_00560-03059-03260-COMPLET	Non	Mains
LF2_X0042_00560-03414-03593-COMPLET	Non	Mains
LF2_X0042_00562-04246-04441-COMPLICE	Non	Mains
LF2_X0042_00563-04544-04751-COMPLIMENTER	Non	Mains
LF2_X0042_00564-04829-05023-COMPORTEMENT	Non	Torse
LF2_X0042_00566-05393-05697-COMPREND_(_TU_NE_RIEN)	Oui	Visage
LF2_X0042_00566-05842-06048-COMPREND_(TU_NE_RIEN)	Oui	Visage
LF2_X0042_00567-06210-06406-COMPRIME_	Non	Mains
LF2_X0042_00567-06527-06731-COMPRIME	Oui	Visage
LF2_X0042_00568-06902-07067-COMPTE	Non	Mains
LF2_X0042_00569-07246-07458-COMPTER_(LES_CHIFFRES)	Non	
LF2_X0042_00570-07676-07867-CONCEPT	Non	Visage
LF2_X0042_00570-08027-08216-CONCEPT	Oui	Visage
LF2_X0042_00572-08408-08610-CONCOMBRE	Oui	Visage
LF2_X0042_00572-09928-10113-CONCOMBRE	Non	Mains
LF2_X0042_00573-10297-10470-CONCOURS	Non	Mains
LF2_X0042_00573-10608-10825-CONCOURS	Non	Mains
LF2_X0042_00574-11038-11232-CONDAMNE	Non	Mains
LF2_X0042_00575-11337-11523-CONDUIRE	Non	
LF2_X0042_00575-11629-11805-CONDUIRE	Non	
LF2_X0042_00575-12356-12580-CONDUIRE	Non	
LF2_X0043_00576-00160-00429-CONFESSER_(SE)	Non	Mains
LF2_X0043_00577-00506-00691-CONFIER_A_QUELQUUN_(SE)_CONFIDENCE	Non	
LF2_X0043_00578-00786-00993-CONFIGURATION	Non	
LF2_X0043_00579-01285-01435-CONFIGURATION	Non	Mains
LF2_X0043_00580-01744-01924-CONFITURE	Non	Mains
LF2_X0043_00581-02021-02206-CONFONDRE	Non	Mains
LF2_X0043_00582-02306-02506-CONFORT	Non	
LF2_X0043_00583-02561-02854-CONFORTABLE	Non	
LF2_X0043_00584-02962-03148-CONGELATEUR_CONGELE	Non	Mains
LF2_X0043_00585-03441-03621-CONGO	Non	
LF2_X0043_00586-03746-03924-CONGRES	Non	
LF2_X0043_00587-04100-04297-CONJUGAISON	Non	
LF2_X0043_00588-04403-04596-CONNEXION	Non	Mains
LF2_X0043_00589-04709-04888-CONNU	Oui	Mains
LF2_X0043_00590-05005-05179-CONSCIENCE	Oui	Mains
LF2_X0043_00591-05302-05492-CONSEIL_DECOLE	Non	Mains
LF2_X0043_00592-05597-05844-CONSEIL_DE_CLASSE	Non	Mains
LF2_X0043_00593-05915-06161-CONSEILLER_CONSEIL	Non	Mains
LF2_X0043_00593-06407-06640-CONSEILLER_CONSEIL	Non	Mains
LF2_X0043_00594-06884-07108-CONSERVE	Non	
LF2_X0043_00594-07252-07469-CONSERVE	Non	Mains
LF2_X0043_00595-07708-07935-CONSIGNE	Non	
LF2_X0043_00595-08383-08683-CONSIGNE	Non	Mains
LF2_X0043_00596-08825-09010-CONTACT	Non	Mains
LF2_X0043_00597-09209-09418-CONTEXTE	Non	Mains
LF2_X0043_00598-09541-09735-CONTRACTIONS	Non	
LF2_X0043_00599-09872-10082-CONTRAT_DE_LOCATION	Non	Mains
LF2_X0043_00600-10191-10358-CONTRE	Non	Mains
LF2_X0043_00601-10462-10682-CONTROLEUR	Non	
LF2_X0043_00601-10803-11065-CONTROLEUR	Oui	Visage
LF2_X0043_00602-11212-11471-CONVALESCENCE	Non	Torse
LF2_X0043_00603-12444-12623-COPENHAGUE	Oui	Visage
LF2_X0043_00604-12740-12969-COQUILLAGE	Non	Mains
LF2_X0044_00605-00137-00353-COR	Non	Mains
LF2_X0044_00606-00431-00629-CORAN	Non	Mains
LF2_X0044_00607-00740-00939-CORBEAU	Oui	Visage
LF2_X0044_00608-00982-01219-CORDE_A_SAUTER	Non	
LF2_X0044_00609-01363-01619-CORDONNIER	Non	Mains
LF2_X0044_00609-01841-02121-CORDONNIER	Non	Mains
LF2_X0044_00610-02752-02942-COREE	Oui	Visage
LF2_X0044_00610-03095-03290-COREE	Non	Visage
LF2_X0044_00611-03513-03699-CORNICHON	Non	Mains
LF2_X0044_00612-03782-03990-CORPS	Non	Torse
LF2_X0044_00614-04175-04318-CORRECT	Non	
LF2_X0044_00615-04681-04851-CORRIDOR	Non	
LF2_X0044_00616-04945-05150-CORRIGER	Non	
LF2_X0044_00616-05288-05495-CORRIGER	Oui	
LF2_X0044_00617-05632-05847-COTE_(ANATOMIE_HUMAINE)	Non	Torse
LF2_X0044_00617-05985-06245-COTE_(ANATOMIE_HUMAINE)	Oui	Torse
LF2_X0044_00618-06900-07108-COTE_D_IVOIRE	Non	Visage
LF2_X0044_00619-07204-07404-COTON	Non	Mains
LF2_X0044_00620-07477-07659-COTON_TIGE	Oui	Visage
LF2_X0044_00621-07726-07916-COU	Oui	Autre
LF2_X0044_00622-07998-08158-COUCHER_(SE)	Non	Mains
LF2_X0044_00622-08283-08473-COUCHER_(SE)	Non	Visage
LF2_X0044_00623-08621-08821-COUDE	Non	Autre
LF2_X0044_00624-08941-09157-COUDRE_LA_COUTURE	Non	Mains
LF2_X0044_00624-09634-09891-COUDRE_LA_COUTURE	Non	Mains
LF2_X0044_00625-10034-10260-COUETTE	Non	Torse
LF2_X0044_00626-10826-11026-COULEUVRE	Non	Mains
LF2_X0044_00627-11193-11345-COUPER	Non	Mains
LF2_X0044_00627-11498-11717-COUPER	Non	Mains
LF2_X0044_00627-11795-12010-COUPER	Oui	
LF2_X0045_00605-00172-00439-COR	Non	Mains
LF2_X0045_00628-01207-01375-COUPER_LA_PAROLE	Oui	
LF2_X0045_00629-01515-01680-COURANT_(ETRE_AU_)	Oui	Mains
LF2_X0045_00629-01915-02087-COURANT_(ETRE_AU_)	Oui	Visage
LF2_X0045_00630-04025-04417-COURBATURES	Non	Torse
LF2_X0045_00631-04993-05286-COURBE_AUDIOMETRIQUE	Non	Visage
LF2_X0045_00632-05594-05796-COURBEVOIE	Non	Mains
LF2_X0045_00633-05944-06156-COURGETTE	Non	Mains
LF2_X0045_00634-06290-06449-COURS	Non	
LF2_X0045_00634-06584-06754-COURS	Non	
LF2_X0045_00635-07084-07291-COURS_ELEMENTAIRE	Non	Mains
LF2_X0045_00636-07513-07744-COURS_MOYEN	Non	Mains
LF2_X0045_00637-07849-08070-COURS_PREPARATOIRE	Non	Mains
LF2_X0045_00638-08207-08461-COURT_METRAGE	Non	Mains
LF2_X0045_00639-08541-08735-COUSCOUS	Non	Mains
LF2_X0045_00640-09379-09546-COUSSIN	Non	
LF2_X0045_00641-09834-10078-COUTURE	Non	
LF2_X0045_00642-10327-10505-COUVERTURE	Non	Torse
LF2_X0045_00643-11637-11951-CRAIE_BLANCHE	Non	Mains
LF2_X0045_00644-12078-12268-CRAMPE	Non	
LF2_X0053_00645-00278-00494-CRAMPONS	Non	Mains
LF2_X0053_00645-01340-01654-CRAMPONS	Non	Mains
LF2_X0053_00646-01824-02062-CRANE	Oui	Visage
LF2_X0053_00647-02147-02340-CRANEUR	Non	
LF2_X0053_00647-02592-02758-CRANEUR	Oui	Visage
LF2_X0053_00648-02889-03072-CRAPAUD	Oui	Autre
LF2_X0053_00649-03149-03350-CRAVATE	Non	Torse
LF2_X0053_00650-03470-03655-CRAWL	Non	
LF2_X0053_00651-03752-03933-CREDIT	Non	Mains
LF2_X0053_00652-04575-04770-CREDIT	Oui	Visage
LF2_X0053_00653-04870-05091-CREUSER	Non	Mains
LF2_X0053_00653-05256-05480-CREUSER	Oui	
LF2_X0053_00654-05710-06024-CREVAISON	Non	Mains
LF2_X0053_00654-06316-06616-CREVAISON	Non	Mains
LF2_X0053_00655-06879-07156-CREVE_(PERSONNE)	Non	Mains
LF2_X0053_00656-07261-07426-CREVETTE	Oui	
LF2_X0053_00656-08344-08557-CREVETTE	Oui	
LF2_X0053_00657-07527-07727-CRIME	Oui	Torse
LF2_X0053_00657-08778-08993-CRIME	Oui	Torse
LF2_X0053_00658-09136-09341-CRISE_CARDIAQUE	Non	Torse
LF2_X0053_00658-09496-09712-CRISE_CARDIAQUE	Oui	Torse
LF2_X0053_00659-09830-10037-CRISE_D_EPILEPSIE	Non	Visage
LF2_X0053_00660-10676-10913-CROCHETS_(H)	Non	
LF2_X0053_00660-11117-11324-CROCHETS_(H)	Non	
LF2_X0053_00661-11395-11573-CROISER	Non	Mains
LF2_X0053_00661-11692-11914-CROISER	Non	Mains
LF2_X0053_00662-12200-12546-CROISIERE	Non	Mains
LF2_X0053_00663-13894-14138-CROISSANCE	Non	Mains
LF2_X0053_00663-14248-14533-CROISSANCE	Non	
LF2_X0054_00664-00149-00303-CROISSANT	Non	Mains
LF2_X0054_00664-00447-00664-CROISSANT	Non	Visage
LF2_X0054_00664-00846-01071-CROISSANT	Non	Mains
LF2_X0054_00665-01494-01839-CROSS	Non	
LF2_X0054_00666-02150-02387-CRU	Non	
LF2_X0054_00667-02513-02720-CUBE	Oui	Mains
LF2_X0054_00667-02988-03291-CUBE	Oui	Mains
LF2_X0054_00668-04443-04660-CUILLERE	Non	
LF2_X0054_00669-04797-04966-CUISSE	Oui	Autre
LF2_X0054_00670-05042-05249-CULOTTE	Non	Autre
LF2_X0054_00671-05313-05518-CULPABILITE	Oui	Autre
LF2_X0054_00672-05592-05794-CULTURE	Non	Visage
LF2_X0054_00673-05881-06076-CUNNILINGUS	Non	Mains
LF2_X0054_00673-06331-06556-CUNNILINGUS	Non	Mains
LF2_X0054_00674-07032-07205-CURE	Oui	Torse
LF2_X0054_00675-07650-07910-CURETAGE	Non	Mains
LF2_X0054_00675-09772-10135-CURETAGE	Non	Mains
LF2_X0054_00676-10497-10764-CURLING	Oui	
LF2_X0054_00677-10922-11061-CUTTER	Oui	
LF2_X0054_00678-11155-11368-CYCLE	Non	Mains
LF2_X0054_00678-11500-11749-CYCLE	Non	Mains
LF2_X0054_00678-12116-12295-CYCLE	Non	
LF2_X0054_00679-12553-12804-CYCLONE	Oui	
LF2_X0055_00680-00393-00629-CYGNE	Non	Autre
LF2_X0055_00680-00859-01087-CYGNE	Non	Autre
LF2_X0055_00681-01766-01984-DALTONIEN	Oui	Visage
LF2_X0055_00682-03082-03345-DATE_DE_PEREMPTION	Non	Mains
LF2_X0055_00682-03459-03667-DATE_DE_PEREMPTION	Non	Mains
LF2_X0055_00683-04148-04323-DATTE	Oui	Visage
LF2_X0055_00684-04722-05029-DAUPHINE	Non	Mains
LF2_X0055_00685-05154-05421-DE_PLUS_EN_PLUS	Oui	Torse
LF2_X0055_00686-05488-05771-DE_TEMPS_EN_TEMPS	Non	Mains
LF2_X0055_00687-05873-06133-DEAFLYMPICS	Non	Mains
LF2_X0055_00688-06259-06479-DEAUVILLE	Oui	
LF2_X0055_00689-06592-06846-DEBOUCHER_UNE_BOUTEILLE	Non	Mains
LF2_X0055_00690-08353-08659-DECAGRAMME	Non	
LF2_X0055_00691-08759-08962-DECALITRE	Non	
LF2_X0055_00692-09099-09324-DECAMETRE	Non	
LF2_X0055_00693-09458-09664-DECELER	Non	Mains
LF2_X0055_00694-09758-09951-DECHETS	Non	Mains
LF2_X0055_00695-10015-10219-DECHIRER	Non	Mains
LF2_X0055_00696-10306-10494-DECIDER_DUN_SEUL_COUP	Non	Mains
LF2_X0055_00697-11232-11452-DECIGRAMME	Non	
LF2_X0055_00698-11557-11709-DECILITRE	Non	
LF2_X0055_00699-11814-11997-DECIMETRE	Non	
LF2_X0056_00700-00157-00386-DECLARATION	Oui	Visage
LF2_X0056_00700-00629-00816-DECLARATION	Non	Visage
LF2_X0056_00701-00983-01202-DECLARER_FORFAIT	Oui	Visage
LF2_X0056_00702-01309-01557-DECOLLER_DECOLLAGE	Non	Mains
LF2_X0056_00702-01674-01958-DECOLLER_DECOLLAGE	Non	Mains
LF2_X0056_00703-02150-02375-DECONCENTRE	Non	Mains
LF2_X0056_00704-02497-02650-DECONNEXION	Non	Mains
LF2_X0056_00705-02791-02995-DECOUPER_(UN_PLAT)	Non	
LF2_X0056_00705-03137-03359-DECOUPER_(UN_PLAT)	Non	
LF2_X0056_00706-03570-03827-DECOUVRIR	Non	
LF2_X0056_00706-03986-04210-DECOUVRIR	Non	
LF2_X0056_00708-04423-04653-DEFINITIF	Non	
LF2_X0056_00708-04793-05008-DEFINITIF	Non	Mains
LF2_X0056_00709-05178-05350-DEGOUTANT	Oui	Torse
LF2_X0056_00710-05408-05626-DEGUEULASSE	Oui	
LF2_X0056_00711-05739-06003-DEGUISEMENT	Non	
LF2_X0056_00712-06100-06307-DELAI	Non	Mains
LF2_X0056_00712-09137-09404-DELAI	Non	Mains
LF2_X0056_00713-06431-06595-DELEGUE	Non	
LF2_X0056_00713-06762-06968-DELEGUE	Non	Mains
LF2_X0056_00713-08471-08676-DELEGUE	Non	Mains
LF2_X0057_00714-00222-00597-DELIBERATION	Non	Mains
LF2_X0057_00715-00757-00925-DELIT	Non	Mains
LF2_X0057_00716-01016-01243-DEMANGEAISON	Non	Autre
LF2_X0057_00717-01340-01558-DEMAQUILLER	Non	Visage
LF2_X0057_00718-01660-01845-DEMARRER_LORDINATEUR	Non	Mains
LF2_X0057_00718-02393-02673-DEMARRER_LORDINATEUR	Non	Mains
LF2_X0057_00718-02912-03257-DEMARRER_LORDINATEUR	Non	
LF2_X0057_00719-03355-03517-DEMI	Non	Mains
LF2_X0057_00720-03583-03786-DEMI_HEURE	Non	Mains
LF2_X0057_00721-03994-04229-DEMI_PENSIONNAIRE	Non	Visage
LF2_X0057_00721-04715-05038-DEMI_PENSIONNAIRE	Non	Visage
LF2_X0057_00722-05156-05361-DEMI_SOURD	Non	Mains
LF2_X0057_00723-05456-05693-DEMON	Non	Visage
LF2_X0057_00723-05817-06056-DEMON	Non	Visage
LF2_X0057_00723-06871-07056-DEMON	Non	Visage
LF2_X0057_00724-07672-07857-DENONCER	Oui	Visage
LF2_X0057_00725-07971-08102-DENT	Oui	Visage
LF2_X0057_00726-08161-08297-DENTIER	Non	Mains
LF2_X0057_00727-08365-08561-DENTIER	Oui	Visage
LF2_X0057_00728-08652-08822-DENTIFRICE	Non	Mains
LF2_X0057_00729-08920-09120-DENTISTE_	Oui	Visage
LF2_X0057_00730-09200-09384-DEPANNEUSE	Non	Mains
LF2_X0057_00731-09440-09639-DEPEND_(CA_)	Non	
LF2_X0057_00732-10309-10517-DEPISTER	Non	Mains
LF2_X0057_00732-12802-13107-DEPISTER	Non	Autre
LF2_X0057_00732-13184-13446-DEPISTER	Non	Mains
LF2_X0057_00732-13500-13725-DEPISTER	Non	Mains
LF2_X0057_00733-10652-10818-DEPLIANT	Non	Mains
LF2_X0058_00734-00156-00366-DEPORTE	Oui	
LF2_X0058_00735-00496-00680-DEPRIME_DEPRESSION	Non	Visage
LF2_X0058_00736-00800-00983-DERMATOLOGUE	Oui	Torse
LF2_X0058_00738-01816-02016-DERNIERE_LIMITE_(TEMPS)	Non	Mains
LF2_X0058_00738-03660-03910-DERNIERE_LIMITE_(TEMPS)	Non	
LF2_X0058_00739-04053-04243-DESACCORD	Non	Visage
LF2_X0058_00740-04368-04570-DESORDONNE_DESORDRE	Non	
LF2_X0058_00741-04645-04867-DESSIN_ANIME	Non	
LF2_X0058_00742-04954-05198-DESSINATEUR	Non	
LF2_X0058_00743-05262-05414-DESSOUS_(EN)	Non	
LF2_X0058_00744-05436-05595-DESSUS_(AU)	Non	
LF2_X0058_00745-05649-05841-DESTIN	Oui	
LF2_X0058_00746-05940-06125-DETECTER	Non	Mains
LF2_X0058_00747-06199-06365-DEUX_(TOUS_LES)	Oui	
LF2_X0058_00747-06547-06738-DEUX_(TOUS_LES)	Oui	
LF2_X0058_00748-06822-06994-DEUX_POINTS_(_)	Oui	
LF2_X0058_00749-07103-07288-DEVENU_SOURD	Non	
LF2_X0058_00750-07359-07547-DEVIS	Non	Mains
LF2_X0058_00751-07676-07883-DEVOIR_DE_LARGENT	Non	Mains
LF2_X0058_00752-07969-08155-DEVOIRS_(FAIRE)	Non	Mains
LF2_X0058_00752-08292-08497-DEVOIRS_(FAIRE)	Non	Mains
LF2_X0058_00753-08733-08900-DIABETE	Non	Mains
LF2_X0058_00753-09054-09261-DIABETE	Non	Mains
LF2_X0058_00753-09384-09626-DIABETE	Non	Mains
LF2_X0058_00753-10272-10511-DIABETE	Non	Mains
LF2_X0058_00755-10803-10974-DIABLE	Non	Visage
LF2_X0058_00756-11129-11300-DIABLE	Non	Visage
LF2_X0058_00756-11402-11596-DIABLE	Oui	Visage
LF2_X0058_00757-11784-11944-DIAMANT	Non	Mains
LF2_X0058_00758-12656-12886-DIAMETRE	Non	Mains
LF2_X0059_00759-00286-00541-DICTIONNAIRE	Non	Mains
LF2_X0059_00760-00624-00851-DIEPPE	Non	
LF2_X0059_00761-00934-01091-DIFFERENT	Non	Mains
LF2_X0059_00762-01198-01356-DIFFUSER_DIFFUSION	Non	
LF2_X0059_00762-01501-01668-DIFFUSER_DIFFUSION	Non	Mains
LF2_X0059_00763-01790-01970-DIGERER_DIGESTION	Oui	Torse
LF2_X0059_00764-02057-02266-DIGESTIF	Non	Torse
LF2_X0059_00765-02347-02532-DINDE	Oui	Visage
LF2_X0059_00766-02612-02773-DINOSAURE	Non	Autre
LF2_X0059_00766-02905-03118-DINOSAURE	Non	Autre
LF2_X0059_00766-03379-03589-DINOSAURE	Non	Autre
LF2_X0059_00767-03703-03880-DIPLOMATE	Non	
LF2_X0059_00767-04057-04355-DIPLOMATE	Non	
LF2_X0059_00769-04765-04935-DIPLOME	Non	Mains
LF2_X0059_00770-05133-05238-DIRE	Oui	Visage
LF2_X0059_00770-05676-05838-DIRE	Oui	Torse
LF2_X0059_00771-06194-06445-DIRIGER	Non	
LF2_X0059_00772-06591-06816-DISCOTHEQUE	Non	
LF2_X0059_00773-06904-07102-DISCOURS	Non	Mains
LF2_X0059_00773-07269-07463-DISCOURS	Non	Mains
LF2_X0059_00774-07797-08000-DISCRIMINATION	Non	Mains
LF2_X0059_00775-08094-08292-DISCUTER_DISCUSSION	Non	Torse
LF2_X0059_00775-08727-09000-DISCUTER_DISCUSSION	Non	Mains
LF2_X0059_00776-09231-09438-DISPARAITRE	Non	Mains
LF2_X0059_00778-09668-09861-DISQUE_DUR	Non	Mains
LF2_X0059_00778-11277-11575-DISQUE_DUR	Non	Mains
LF2_X0059_00779-11979-12228-DISSOLVANT	Non	Mains
LF2_X0060_00779-00283-00616-DISSOLVANT	Non	Mains
LF2_X0060_00780-00685-00890-DISTRAIT	Non	Visage
LF2_X0060_00781-00970-01200-DISTRIBUER	Non	
LF2_X0060_00782-01294-01489-DIVAN	Non	
LF2_X0060_00783-01567-01786-DIVISION	Non	Mains
LF2_X0060_00784-02198-02418-DOCTORAT	Oui	Visage
LF2_X0060_00785-02540-02847-DOCUMENTALISTE	Non	Mains
LF2_X0060_00786-02888-03085-DOIGTS	Non	
LF2_X0060_00787-03180-03377-DOIGTS	Oui	
LF2_X0060_00788-03413-03605-DOMMAGE	Oui	
LF2_X0060_00788-03880-04081-DOMMAGE	Non	Mains
LF2_X0060_00788-05807-06061-DON	Oui	Torse
LF2_X0060_00788-06145-06313-DON	Oui	Torse
LF2_X0060_00789-04682-04964-DON	Oui	Torse
LF2_X0060_00789-06679-06832-DORMIR	Non	Visage
LF2_X0060_00789-06973-07164-DORMIR	Oui	Visage
LF2_X0060_00789-07403-07617-DORMIR	Non	Mains
LF2_X0060_00790-07806-07989-DORTOIR	Non	Mains
LF2_X0060_00791-08154-08331-DOS	Oui	Torse
LF2_X0060_00792-08485-08719-DOUANE	Non	
LF2_X0060_00793-08807-09012-DOUBLE	Non	Mains
LF2_X0060_00793-09149-09353-DOUBLE	Non	
LF2_X0060_00793-10071-10330-DOUBLE	Non	Mains
LF2_X0060_00794-10657-10807-DOUTE	Non	Mains
LF2_X0060_00794-10900-11119-DOUTE	Oui	Torse
LF2_X0060_00795-11257-11499-DOUX_DOUCEUR	Non	Mains
LF2_X0060_00795-11798-12014-DOUX_DOUCEUR	Oui	Visage
LF2_X0060_00796-12229-12412-DRAGON	Oui	Visage
LF2_X0061_00797-00257-00480-DRAP	Non	Torse
LF2_X0061_00798-00646-00911-DROITIER	Non	Mains
LF2_X0061_00799-01031-01181-DROLE	Oui	Visage
LF2_X0061_00799-01329-01507-DROLE	Oui	Visage
LF2_X0061_00800-01641-01815-DROMADAIRE	Oui	
LF2_X0061_00800-03868-04125-DROMADAIRE	Oui	Autre
LF2_X0061_00801-01962-02077-DUBAI	Oui	Visage
LF2_X0061_00801-02483-02672-DUBAI	Non	Mains
LF2_X0061_00801-03084-03277-DUBAI	Non	Mains
LF2_X0061_00802-04339-04508-EAU	Oui	
LF2_X0061_00804-04765-04951-EAU_POTABLE	Oui	Visage
LF2_X0061_00805-05095-05246-EBENISTE_EBENISTERIE	Non	Mains